APPL, MSFT, GOOG, NOKIA, ETF, BOND
920.093859, 618.314878, 1298.440033, 556.619845, 848.367154, 112.791184
598.775685, 600.566827, 777.774711, 553.645919, 632.690785, 103.849249
738.698526, 688.661277, 1013.400910, 472.956895, 728.429402, 113.805743 
763.372490, 730.974151, 1391.529452, 480.045724, 841.480454, 97.082869
676.229174, 742.317356, 569.755276, 583.805295, 643.026775, 113.733177
628.734450, 733.477199, 1336.103748, 525.192822, 805.877055, 97.703914
610.504682, 559.406176, 609.732690, 522.488401, 575.532987, 106.865131
891.131136, 715.838541, 901.187652, 440.070472, 737.056950, 97.891451
717.004284, 569.298785, 1032.845990, 477.149647, 699.074677, 93.868094
777.698868, 504.373803, 882.167146, 476.042935, 660.070688, 97.635200
868.703865, 578.133453, 1052.316396, 529.931793, 757.271377, 112.989772
842.993182, 742.935589, 811.950472, 539.569645, 734.362222, 106.147226
503.002386, 659.887951, 1118.446776, 568.781926, 712.529760, 106.067313
759.257438, 620.212714, 1218.867234, 472.430866, 767.692063, 110.047417
838.906181, 545.862741, 563.560597, 406.578530, 588.727012, 107.143045
593.808206, 685.687500, 1067.831086, 540.060227, 721.846755, 90.028137
502.854571, 591.571645, 1155.368107, 452.314064, 675.527097, 111.438880
590.580607, 602.406341, 1379.009436, 533.468102, 776.366121, 106.332624
656.614776, 765.504263, 657.139183, 437.252956, 629.127794, 102.586525
914.478654, 702.696218, 691.111638, 580.834007, 722.280129, 99.863032
853.033366, 760.677200, 1238.959383, 509.479419, 840.537342, 113.312115
616.559443, 777.972738, 1433.420022, 510.288586, 834.560198, 102.360172
776.284205, 781.738749, 1314.138732, 559.929139, 858.022707, 104.862432
828.600455, 798.589984, 824.541417, 587.170348, 759.725551, 111.857735
794.578342, 691.331291, 1275.421465, 551.864718, 828.298954, 109.872754
631.392288, 681.313632, 666.954608, 494.112842, 618.443342, 109.887260
932.542751, 761.906402, 912.482597, 532.882882, 784.953658, 105.299518
798.449504, 693.680445, 648.341938, 507.711303, 662.045797, 104.475538
516.481698, 710.273105, 1332.609093, 503.630134, 765.748508, 102.876227
556.323970, 646.943001, 548.499682, 502.069805, 563.459115, 110.358785
692.329204, 691.296910, 643.981998, 490.424477, 629.508147, 100.326946
623.516270, 622.029972, 1217.596749, 403.491321, 716.658578, 104.343030
906.473507, 674.804675, 977.361423, 489.348504, 761.997027, 114.879121
529.361622, 522.278129, 1097.279760, 528.153266, 669.268194, 95.565059
609.893918, 689.072947, 1237.938505, 584.702543, 780.401978, 101.571306
880.806222, 789.051426, 902.378775, 466.369159, 759.651395, 104.019613
777.224081, 686.649983, 977.960880, 438.205534, 720.010119, 99.002628
826.939959, 774.956803, 1106.542169, 442.138312, 787.644311, 111.635838
554.888844, 612.066752, 1146.520183, 439.800547, 688.319082, 104.817297
838.276982, 678.902153, 1060.871769, 411.772099, 747.455750, 104.090436
621.312919, 505.673226, 509.073435, 468.768276, 526.206964, 113.092307
800.713372, 731.205764, 1433.272539, 577.439403, 885.657770, 94.326616
723.990763, 646.316210, 1139.009195, 559.046253, 767.090605, 114.142040
577.668191, 587.866734, 866.027943, 576.440852, 652.000930, 112.485782
873.818880, 642.741689, 1446.640492, 454.597424, 854.449621, 93.058145
932.839509, 686.958337, 1424.539512, 543.733265, 897.017656, 94.601656
641.141880, 550.149605, 1126.125140, 440.595396, 689.503005, 94.405970
563.334621, 568.265565, 513.866257, 589.384933, 558.712844, 94.020611
559.994661, 638.554335, 1415.220587, 529.709025, 785.869652, 92.521424
807.113353, 521.167090, 996.430963, 478.749218, 700.865156, 100.914623
646.588686, 573.220617, 1066.164494, 582.478108, 717.112976, 94.767730
517.358178, 629.553054, 1253.382678, 562.780734, 740.768661, 98.909576
998.984948, 510.699931, 700.946874, 504.709675, 678.835357, 106.544789
849.893581, 598.284835, 1146.711828, 577.868693, 793.189734, 98.537059
525.083943, 730.010345, 1198.713010, 560.666032, 753.618332, 107.048043
952.093568, 593.881914, 797.933227, 550.495741, 723.601112, 110.234267
594.531806, 677.333180, 601.454154, 410.687880, 571.001755, 93.931877
622.074306, 540.851153, 558.052283, 517.823721, 559.700366, 112.238830
972.750816, 516.806653, 969.050006, 585.043925, 760.912850, 96.424226
793.505602, 550.651150, 976.354667, 516.917034, 709.357113, 110.388725
963.033771, 657.956766, 1229.397700, 516.450029, 841.709566, 95.630889
632.085939, 690.075451, 516.650581, 507.635055, 586.611757, 113.287952
673.772976, 561.714258, 900.985351, 504.525732, 660.249580, 97.679209
839.951877, 693.540189, 769.022361, 488.667772, 697.795550, 107.579656
666.446023, 564.357197, 758.111673, 551.841685, 635.189145, 107.089350
508.088738, 753.536863, 1100.762645, 570.482233, 733.217620, 98.036939
833.980079, 658.049056, 750.210302, 569.600019, 702.959864, 96.405697
536.617829, 654.314654, 1111.410935, 577.962544, 720.076491, 103.275819
910.665392, 787.687066, 843.959445, 547.349391, 772.415324, 98.998556
521.957652, 507.158960, 987.254163, 401.015241, 604.346504, 97.322139
971.611044, 730.461687, 538.264836, 424.417250, 666.188704, 102.873399
699.649949, 563.469640, 660.161896, 490.529966, 603.452863, 97.706171
716.879210, 501.630467, 626.221881, 529.957310, 593.672217, 101.548727
542.092322, 734.075155, 1184.676800, 557.186462, 754.507685, 112.755663
933.598674, 518.802185, 1027.074957, 409.436521, 722.228084, 94.428325
963.932890, 532.857375, 1096.191330, 477.599227, 767.645205, 105.960236
850.169804, 661.824025, 1322.425858, 481.323011, 828.935675, 104.441956
960.775504, 566.517727, 874.200838, 557.848744, 739.835703, 99.547191
877.972749, 679.911964, 643.941630, 427.800162, 657.406626, 94.897447
888.705120, 753.284372, 684.025294, 547.062259, 718.269261, 106.667677
656.494773, 531.672891, 602.233266, 577.686570, 592.021875, 101.994429
635.160252, 559.917152, 1157.643045, 457.547280, 702.566932, 113.675024
610.958769, 652.074396, 1436.349194, 555.692547, 813.768727, 93.552964
647.300650, 668.302206, 1373.413818, 528.903968, 804.480161, 95.821203
836.998033, 688.807795, 1312.996873, 566.510933, 851.328408, 109.332524
514.226269, 677.122134, 1263.763831, 523.516437, 744.657168, 109.360810
642.144641, 523.026013, 672.722132, 576.001742, 603.473632, 94.474666
679.892924, 632.912791, 1147.522247, 475.742097, 734.017515, 92.517142
662.855724, 760.831936, 604.174181, 521.520067, 637.345477, 110.144724
874.859455, 619.632645, 894.238750, 473.359267, 715.522529, 96.804733
799.822225, 520.470444, 932.199113, 580.309723, 708.200377, 112.030792
837.424781, 638.195495, 792.431746, 494.327760, 690.594946, 95.610387
623.035603, 673.016308, 626.079913, 460.233772, 595.591399, 108.736079
740.077751, 645.759728, 1358.865985, 438.497159, 795.800156, 93.334700
646.585738, 555.373230, 1400.771812, 400.565559, 750.824085, 97.218790
904.308387, 695.147216, 675.413106, 537.505419, 703.093532, 91.118237
979.858198, 732.517267, 1361.265012, 422.592857, 874.058333, 95.181417
997.097986, 660.834372, 965.834772, 533.581664, 789.337199, 110.713658
946.161901, 713.571793, 693.492661, 481.053469, 708.569956, 110.949647
577.355253, 702.094449, 847.196303, 464.770330, 647.854084, 103.312854
728.619830, 692.110334, 960.067454, 543.418316, 731.053983, 103.528490
502.921596, 580.605268, 1193.370288, 438.326062, 678.805803, 101.102433
618.179890, 695.926005, 849.324064, 443.830978, 651.815234, 102.858792
713.205780, 603.056011, 594.319880, 410.093253, 580.168731, 110.233870
939.506293, 795.993105, 784.279932, 504.252157, 756.007872, 94.503409
679.623338, 631.697132, 1183.098329, 570.756901, 766.293925, 109.654669
693.149326, 542.101397, 603.390230, 485.310904, 580.987964, 105.010136
983.847056, 532.770027, 659.324422, 573.817934, 687.439860, 110.065093
656.593502, 618.705260, 1032.341894, 491.138078, 699.694684, 108.625207
985.021043, 787.626036, 520.508352, 417.705661, 677.715273, 91.326833
948.941556, 769.856282, 919.143898, 407.943403, 761.471285, 94.595022
609.926679, 733.517173, 573.637862, 524.558262, 610.409994, 101.537223
704.489026, 637.980954, 1335.532573, 520.365379, 799.591983, 104.083169
601.116168, 740.968005, 571.322007, 534.512033, 611.979553, 114.063778
737.581937, 615.352703, 1430.854266, 471.647062, 813.858992, 112.921273
551.621787, 770.268906, 691.771877, 575.120872, 647.195860, 113.035118
964.338845, 526.896496, 1468.394704, 564.185129, 880.953793, 102.719972
502.363256, 556.474418, 1127.517823, 457.437892, 660.948348, 96.547148
874.339183, 510.948763, 850.505260, 544.364487, 695.039423, 111.800711
642.574589, 665.821279, 1457.709344, 535.051027, 825.289060, 105.601490
818.903119, 629.861965, 1496.041547, 401.713723, 836.630089, 99.093187
962.709760, 529.785536, 1301.023877, 452.924767, 811.610985, 97.276425
593.014269, 718.910470, 506.954181, 476.142397, 573.755329, 107.452407
860.770001, 718.053848, 1145.644096, 461.197497, 796.416361, 93.853536
545.064851, 735.346717, 822.694756, 571.888280, 668.748651, 99.540064
933.660742, 542.538914, 890.050374, 570.929612, 734.294910, 113.317904
623.237829, 558.484251, 601.123717, 425.548540, 552.098584, 104.624947
530.229438, 524.773092, 1269.074486, 428.457869, 688.133721, 114.738533
628.244259, 730.736409, 1064.251741, 428.893593, 713.031500, 110.019365
705.775589, 679.787206, 1390.420301, 489.664459, 816.411889, 97.812266
517.759648, 547.266403, 849.562459, 549.446113, 616.008656, 108.266914
913.807300, 745.324124, 1192.487692, 478.785621, 832.601184, 93.634327
689.937214, 781.689005, 1007.617129, 468.064121, 736.826867, 91.002177
962.659242, 670.422802, 567.607830, 424.532808, 656.305670, 98.428762
723.438005, 612.492369, 1340.804117, 511.639516, 797.093502, 91.686556
851.785339, 566.203563, 543.891283, 401.285121, 590.791327, 108.207392
523.256334, 790.762930, 669.176708, 459.274336, 610.617577, 90.920440
816.761085, 584.414618, 1239.794024, 472.182789, 778.288129, 103.451384
624.631017, 694.052142, 1236.900809, 441.255973, 749.209985, 90.055230
882.462330, 661.109062, 981.124130, 478.619452, 750.828744, 92.109754
566.773880, 778.400042, 1191.745339, 491.872947, 757.198052, 109.220106
763.413495, 618.594805, 1033.252594, 597.896561, 753.289364, 100.980183
858.889238, 673.929579, 514.150155, 481.683413, 632.163096, 108.723549
722.617332, 694.301697, 1306.148608, 406.064806, 782.283111, 99.686659
784.189701, 516.623192, 1274.659268, 406.861364, 745.583382, 109.807786
518.258021, 661.875178, 929.613303, 465.868332, 643.903708, 90.517701
527.107021, 728.803631, 547.741757, 465.219369, 567.217944, 110.546052
678.080981, 644.058009, 829.308529, 428.577756, 645.006319, 114.981030
878.071444, 515.505546, 729.983806, 598.470312, 680.507777, 104.467562
746.915663, 601.721242, 1040.196514, 540.534388, 732.341952, 105.574695
876.467609, 668.318129, 643.224128, 420.488577, 652.124611, 92.989603
863.072114, 723.990572, 711.604288, 494.134807, 698.200445, 114.077303
632.276274, 579.745499, 1090.649393, 545.154175, 711.956335, 97.839002
773.806480, 784.043406, 1190.501741, 558.750690, 826.775579, 96.902997
896.497316, 633.993388, 1285.346193, 465.561007, 820.349476, 106.915711
953.253754, 583.753255, 1109.179450, 403.139848, 762.331577, 110.484351
819.343527, 608.634400, 1241.129941, 476.086892, 786.298690, 102.633470
750.009299, 640.182250, 1470.692635, 450.394807, 827.819748, 106.971961
607.533069, 570.573555, 1440.837013, 588.939357, 801.970749, 110.647364
629.128436, 646.534992, 552.010321, 554.541186, 595.553734, 94.473793
524.412906, 753.501486, 876.630847, 525.119268, 669.916127, 105.758779
651.112388, 584.941506, 817.924016, 581.905733, 658.970911, 112.307945
864.451347, 786.983321, 609.337155, 450.886494, 677.914579, 107.443525
879.885632, 682.806726, 511.745297, 433.003035, 626.860173, 104.501210
921.946816, 568.043430, 1288.590418, 563.058714, 835.409845, 94.191211
820.594074, 514.054187, 913.894077, 531.219684, 694.940506, 92.471440
917.525067, 638.815967, 960.646476, 588.772512, 776.440006, 110.983768
787.106853, 728.861376, 983.742369, 424.497818, 731.052104, 92.019882
507.403448, 563.793519, 769.239365, 407.481268, 561.979400, 98.049555
867.573674, 508.703189, 1400.162525, 586.267594, 840.676746, 91.018898
755.693179, 723.216847, 826.679930, 453.513472, 689.775857, 103.316164
717.607905, 790.360423, 591.314230, 515.898773, 653.795333, 99.544054
839.175737, 777.909309, 1122.214035, 568.896409, 827.048873, 99.675271
841.916391, 558.928322, 1306.321873, 429.976419, 784.285751, 107.004253
615.338681, 746.338630, 768.083699, 578.563034, 677.081011, 92.259203
607.398694, 500.969314, 646.135359, 423.875753, 544.594780, 112.584839
580.067345, 697.256515, 927.702052, 529.489946, 683.628964, 114.605041
590.048153, 758.875358, 1259.590169, 590.413945, 799.731906, 113.855802
666.915939, 631.382493, 678.313923, 576.119291, 638.182912, 91.503892
633.803648, 758.644011, 917.489388, 451.316683, 690.313433, 106.711714
968.376763, 694.450025, 1329.568698, 497.919469, 872.578739, 112.906261
789.982740, 513.309826, 1199.344242, 583.896299, 771.633277, 94.762536
911.437534, 757.843680, 970.324797, 569.604632, 802.302661, 97.179525
916.112405, 695.126331, 1284.294533, 430.019769, 831.388259, 100.250282
552.165468, 535.437923, 1484.927390, 569.590583, 785.530341, 97.411008
954.054295, 575.760406, 664.692007, 431.717408, 656.556029, 106.750602
913.527808, 530.433660, 816.652962, 463.638164, 681.063149, 113.275356
617.220635, 768.985532, 653.922765, 595.076063, 658.801249, 104.899067
582.940881, 793.039350, 513.904924, 491.088323, 595.243369, 101.178066
871.311299, 753.838920, 1392.721442, 419.508746, 859.345101, 105.760607
753.777501, 799.115713, 855.507915, 549.710135, 739.527816, 114.549494
522.495505, 579.084951, 703.578048, 446.902890, 563.015349, 100.707713
952.269262, 509.190099, 722.729346, 505.950809, 672.534879, 98.682166
730.384137, 637.151185, 936.148592, 448.781013, 688.116232, 105.277335
919.933874, 680.609106, 795.309362, 517.578243, 728.357646, 105.398382
517.506921, 511.379587, 632.557573, 492.413002, 538.464271, 113.266335
546.244637, 692.033772, 1341.039950, 585.541155, 791.214879, 114.890512
954.842771, 765.809288, 644.199993, 451.847399, 704.174863, 92.240225
843.772752, 514.621555, 717.299549, 424.048534, 624.935598, 96.786697
865.463777, 695.776444, 1490.164547, 522.761448, 893.541554, 109.919704
851.708123, 703.313016, 1323.658918, 569.105332, 861.946347, 112.375240
558.497261, 587.356464, 1345.633002, 514.615485, 751.525553, 90.065564
843.646920, 555.609459, 903.540607, 510.784938, 703.395481, 92.824698
700.268080, 720.716796, 785.079591, 415.124970, 655.297359, 103.249243
585.409671, 530.082926, 1406.126406, 483.341207, 751.240052, 111.079476
572.241158, 691.116188, 1258.289556, 499.153435, 755.200084, 105.680463
646.277658, 638.511741, 638.081973, 460.985711, 595.964271, 97.134118
599.969079, 576.522949, 1273.015581, 515.310587, 741.204549, 92.517737
789.587756, 638.092826, 633.100201, 457.214872, 629.498914, 111.596251
699.531149, 660.090908, 974.687151, 519.914536, 713.555936, 110.467899
564.771194, 693.651948, 1046.248425, 583.798474, 722.117510, 103.790822
881.085699, 707.219223, 757.938572, 437.737371, 695.995216, 101.225507
907.952681, 665.148166, 620.833918, 582.145220, 694.019996, 107.214397
598.045411, 596.231623, 1272.643757, 588.730471, 763.912815, 92.344691
522.180927, 605.545781, 830.436215, 510.819415, 617.245584, 102.122987
708.973551, 718.849554, 517.519782, 403.711166, 587.263513, 95.104642
918.635891, 544.118651, 1256.264153, 569.938431, 822.239281, 107.332765
700.662527, 655.530665, 1090.011909, 476.808267, 730.753342, 109.409353
916.530817, 621.775181, 1243.787736, 465.373602, 811.866834, 103.168780
507.721935, 781.963567, 1459.096226, 569.504653, 829.571595, 107.813058
970.655460, 501.037424, 995.407996, 412.868317, 719.992299, 98.347357
774.630526, 774.006530, 1067.816883, 412.678562, 757.283125, 113.271872
633.789236, 621.526599, 617.270627, 415.587410, 572.043468, 94.033820
885.623823, 655.578704, 655.288982, 535.957673, 683.112296, 92.715190
728.081244, 796.505185, 1283.030498, 502.904972, 827.630475, 108.303459
520.638023, 739.542310, 1388.799310, 534.403382, 795.845756, 108.939265
692.269612, 749.033069, 948.880806, 552.205735, 735.597305, 98.137956
547.461484, 799.442558, 658.315775, 447.774665, 613.248620, 104.148969
803.713267, 785.380096, 868.455206, 489.015717, 736.641072, 100.003695
885.298405, 639.013452, 509.470133, 479.657930, 628.359980, 105.542349
982.124196, 553.765501, 1435.295796, 409.517639, 845.175783, 100.672590
795.376535, 520.308805, 1152.513624, 489.167298, 739.341566, 111.997115
810.029187, 746.864530, 1282.630875, 429.647136, 817.292932, 102.694369
599.808625, 703.202518, 549.473191, 446.788764, 574.818275, 96.101737
924.456088, 697.069917, 793.990762, 439.067295, 713.646015, 90.633873
797.742133, 519.376272, 1493.773917, 497.746621, 827.159736, 91.851443
555.213527, 787.406693, 658.015249, 450.655208, 612.822669, 112.332953
840.089817, 724.630496, 626.016126, 592.202824, 695.734816, 100.032049
920.449362, 723.822350, 1489.134403, 444.832742, 894.559714, 103.217634
865.969240, 556.625496, 1465.882298, 441.209420, 832.421613, 95.955621
725.058295, 744.438342, 1145.453065, 579.024914, 798.493654, 92.719631
960.239750, 572.281199, 909.212605, 434.674561, 719.102029, 95.867781
623.715255, 655.891898, 1000.706553, 438.546711, 679.715104, 106.941373
543.025831, 554.265856, 547.065783, 485.284645, 532.410529, 97.672558
913.852585, 766.389352, 551.868879, 410.595363, 660.676545, 111.927473
790.841094, 735.142208, 1287.729289, 413.170113, 806.720676, 108.742241
652.037704, 571.353764, 699.199977, 512.896826, 608.872068, 112.082474
836.634681, 535.903843, 1346.642169, 424.847255, 786.006987, 103.222302
679.473761, 528.221804, 1051.681079, 409.706348, 667.270748, 104.869481
863.093324, 691.319822, 652.609874, 555.133084, 690.539026, 107.119963
541.283865, 794.094513, 635.544543, 514.552606, 621.368882, 90.804598
724.930970, 715.168019, 1015.712504, 563.198256, 754.752438, 102.623900
782.840469, 745.936374, 630.165066, 548.560380, 676.875572, 90.474697
813.050421, 741.030329, 1250.337117, 427.733473, 808.037835, 106.251915
833.779724, 532.785392, 1216.091187, 548.829855, 782.871539, 106.524143
669.464254, 632.683350, 614.593926, 459.739691, 594.120305, 104.872193
991.748490, 559.148497, 1056.260011, 515.040550, 780.549387, 98.317655
803.693337, 501.836585, 923.377955, 409.986586, 659.723616, 103.045861
777.444475, 796.717668, 797.690848, 468.324473, 710.044366, 92.980599
680.305128, 777.137507, 999.277622, 584.531678, 760.312984, 106.853220
786.367492, 550.051121, 816.884260, 556.682689, 677.496390, 112.073206
722.189581, 696.743830, 1243.077619, 465.041218, 781.763062, 109.260167
960.046899, 717.972380, 995.296548, 593.513670, 816.707374, 97.070865
650.137275, 530.804966, 850.207479, 457.791312, 622.235258, 103.151529
905.395508, 771.528929, 652.413384, 503.024014, 708.090459, 95.069682
817.172014, 653.907092, 1057.002416, 425.315794, 738.349329, 90.307532
900.353888, 538.921220, 1084.121221, 435.827666, 739.805998, 101.165541
531.033293, 508.550115, 887.272675, 420.486885, 586.835742, 109.289450
936.420561, 592.209942, 1340.409471, 499.630520, 842.167623, 110.066576
890.493606, 542.205206, 569.943772, 581.069248, 645.927958, 102.272287
715.703709, 764.220437, 1446.527488, 479.197586, 851.412305, 90.828704
799.387603, 674.261455, 1225.354174, 509.234363, 802.059399, 93.446848
779.236538, 657.818585, 1237.611405, 453.522266, 782.047198, 92.754579
857.116496, 739.903397, 1316.667419, 427.736710, 835.356005, 94.673767
955.130777, 706.852562, 908.414155, 498.863427, 767.315230, 103.247950
648.490078, 556.820410, 702.326398, 534.120406, 610.439323, 96.483628
580.746764, 690.120145, 1057.481457, 428.015985, 689.091088, 104.506533
586.614050, 546.876999, 1219.399914, 432.226564, 696.279382, 112.040271
649.503376, 583.361897, 1066.618084, 481.534557, 695.254478, 90.387110
758.927978, 584.255322, 1156.539507, 563.032477, 765.688821, 92.437962
501.056524, 670.040318, 996.430185, 557.405406, 681.233108, 114.380380
658.472521, 738.023102, 1487.547072, 432.923316, 829.241503, 114.893418
711.980859, 544.712180, 1064.041646, 525.894111, 711.657199, 107.663051
604.865930, 721.180924, 870.864679, 572.555744, 692.366819, 101.416741
872.194779, 700.961429, 652.062343, 546.908530, 693.031770, 95.912238
875.013521, 700.975489, 1065.189425, 503.468118, 786.161638, 98.161445
807.429542, 670.190742, 901.886115, 578.651773, 739.539543, 91.593316
934.237039, 715.649347, 533.090659, 571.428600, 688.601411, 107.659456
926.439869, 637.115713, 982.350293, 571.083766, 779.247410, 90.527351
780.970443, 707.624646, 924.719606, 551.672754, 741.246862, 91.573671
607.516713, 550.732749, 1449.576075, 546.563653, 788.597297, 98.029288
984.653889, 709.880935, 986.648367, 598.217961, 819.850288, 96.619814
658.773803, 530.452235, 710.806470, 566.419003, 616.612878, 102.584839
947.913836, 523.784164, 1252.970670, 444.444944, 792.278404, 92.809280
964.301475, 681.755122, 1284.021779, 513.884717, 860.990773, 92.205017
795.258803, 603.788799, 848.881373, 556.056570, 700.996386, 109.267057
921.614842, 669.174440, 1076.047945, 587.958287, 813.698878, 102.837272
630.481469, 663.606717, 752.052739, 442.618798, 622.189931, 90.800102
738.943265, 670.880104, 809.981544, 426.702308, 661.626805, 109.510170
818.452552, 561.742765, 1359.129825, 571.937473, 827.815654, 113.969497
986.029285, 736.319833, 1041.482154, 512.926058, 819.189333, 104.293864
826.415496, 539.599928, 933.113843, 583.543444, 720.668178, 102.022028
844.199744, 582.903058, 1128.190921, 408.959186, 741.063227, 111.309787
779.143403, 766.746157, 1271.380796, 479.549439, 824.204949, 93.530165
714.875641, 574.780198, 1063.262821, 542.161389, 723.770012, 103.981222
745.606879, 560.050377, 850.901122, 553.011617, 677.392499, 91.482444
861.918986, 596.887908, 788.468263, 569.406105, 704.170315, 111.611046
841.726580, 599.193972, 894.260103, 420.210719, 688.847843, 112.347735
830.151234, 765.642158, 925.360554, 418.815464, 734.992352, 95.909375
576.687533, 544.759557, 500.405591, 511.866935, 533.429904, 100.941670
711.888261, 625.757201, 920.218127, 475.793209, 683.414199, 108.892324
876.689571, 769.262259, 904.135767, 556.118950, 776.551637, 100.491488
716.843728, 772.185159, 1475.934018, 500.013001, 866.243977, 110.204479
675.925638, 697.816153, 952.904872, 427.765145, 688.602952, 91.341182
516.367559, 533.962202, 626.812435, 587.824228, 566.241606, 103.464197
587.748062, 584.056251, 1234.830800, 537.553284, 736.047099, 97.014827
562.716603, 547.582196, 1004.399250, 539.956752, 663.663701, 104.470636
727.738364, 577.333518, 736.071478, 495.273262, 634.104156, 106.547854
948.012922, 700.927680, 896.090850, 513.839604, 764.717764, 106.142324
688.688587, 724.382638, 1016.202898, 461.016026, 722.572537, 95.021175
679.363705, 664.681405, 797.848551, 462.810868, 651.176132, 106.893761
926.311116, 642.003403, 1040.388650, 591.187590, 799.972690, 95.204387
618.265522, 699.746557, 1436.314807, 473.356559, 806.920861, 94.255528
972.804122, 617.537460, 921.974556, 485.599900, 749.479010, 105.696575
544.956829, 595.400120, 1159.111680, 459.524389, 689.748254, 107.852281
971.657449, 510.946656, 748.395028, 492.406675, 680.851452, 103.817294
831.440187, 682.136731, 1476.934712, 420.325953, 852.709396, 112.624275
888.690109, 748.867083, 1233.318169, 475.663133, 836.634624, 99.248640
793.245569, 790.954764, 1453.273935, 407.153490, 861.156940, 112.654101
602.994278, 769.664654, 1133.988054, 459.591111, 741.559524, 98.021418
962.909284, 717.170514, 723.440515, 527.771427, 732.822935, 99.575335
676.474191, 550.026624, 1314.981759, 483.900449, 756.345756, 100.378761
986.096999, 643.358640, 573.823764, 404.454576, 651.933495, 101.369921
963.621934, 755.361195, 805.559531, 456.870757, 745.353354, 104.613054
827.149690, 767.615201, 1190.066829, 510.874273, 823.926498, 111.133115
730.267693, 768.816615, 1258.490942, 548.841356, 826.604152, 103.251086
532.531758, 705.292853, 1203.920649, 450.789030, 723.133572, 112.693751
818.479271, 517.060709, 556.460787, 414.901088, 576.725464, 111.796270
744.827941, 508.596435, 1011.928760, 469.942584, 683.823930, 92.561964
902.254882, 631.751788, 588.863551, 590.736506, 678.401682, 108.618304
769.102341, 722.948879, 592.576046, 527.356566, 652.995958, 100.830744
741.053715, 665.933430, 726.314213, 465.857029, 649.789597, 97.790059
929.664292, 587.413318, 613.273734, 599.182377, 682.383430, 114.882459
951.830955, 725.069683, 1478.167350, 410.433482, 891.375367, 110.167327
962.009099, 640.346969, 773.731119, 567.069569, 735.789189, 114.493800
968.913198, 523.472265, 1391.508925, 483.784924, 841.919828, 94.177611
581.828388, 628.914082, 1300.439604, 582.053473, 773.308887, 103.057241
671.748563, 584.764110, 1172.782271, 415.080217, 711.093790, 102.721531
693.501729, 659.633256, 882.915342, 560.047795, 699.024531, 106.134615
897.768676, 585.973176, 1347.704760, 479.123373, 827.642496, 96.618615
601.154963, 731.516887, 537.657773, 546.513566, 604.210797, 91.136352
856.159911, 792.645250, 631.244440, 424.738992, 676.197149, 111.674827
645.399698, 588.470365, 701.066761, 459.341340, 598.569541, 92.383520
909.498176, 663.369166, 1394.397436, 475.577571, 860.710587, 95.433654
943.374550, 584.420268, 1186.988075, 549.891402, 816.168574, 106.607906
697.420799, 644.757628, 1290.458461, 590.178698, 805.703896, 98.255755
607.819044, 797.830516, 1448.205921, 420.390629, 818.561528, 90.760654
573.703610, 698.157723, 771.102181, 401.182065, 611.036395, 109.794255
936.451710, 668.570473, 669.610119, 417.334280, 672.991645, 109.074208
591.006110, 796.581941, 1059.900073, 461.506445, 727.248642, 112.075098
762.439191, 633.994752, 774.335394, 432.880960, 650.912574, 93.340931
914.360518, 700.753098, 1279.614523, 523.232535, 854.490168, 101.490886
973.196431, 798.575784, 548.346004, 490.480768, 702.649747, 113.586463
741.415000, 558.725968, 988.740327, 520.796855, 702.419537, 101.671385
697.877230, 608.493124, 982.425858, 405.751396, 673.636902, 103.281347
895.862660, 699.331423, 599.257545, 503.972067, 674.605924, 95.608454
701.432120, 687.240778, 1067.269040, 534.197465, 747.534851, 112.461783
902.312285, 618.797023, 920.787244, 513.529663, 738.856554, 94.390115
513.641883, 610.154032, 979.687605, 434.171442, 634.413740, 100.388153
557.157871, 788.755281, 1218.300017, 522.255867, 771.617259, 101.281448
539.067370, 534.216343, 606.891722, 562.580335, 560.688943, 104.912008
672.077771, 769.585113, 1364.015877, 452.183682, 814.465611, 114.946865
742.628281, 580.064035, 656.243885, 524.402103, 625.834576, 110.853729
760.240918, 788.260536, 588.130148, 446.027847, 645.664862, 99.541392
702.871916, 534.624174, 1076.601041, 549.767161, 715.966073, 104.877538
582.180957, 707.275035, 1275.641249, 511.523825, 769.155266, 100.230420
504.438527, 756.132797, 1321.778731, 504.654255, 771.751078, 114.016693
559.875805, 549.780282, 880.670023, 571.856951, 640.545765, 90.748754
928.579671, 759.777976, 979.169855, 459.366054, 781.723389, 90.554262
565.489713, 799.895507, 861.118659, 596.607785, 705.777916, 92.194546
682.347311, 730.058747, 613.530427, 440.639150, 616.643909, 98.586588
899.148635, 583.367702, 855.916394, 406.876063, 686.327198, 91.338340
721.798556, 609.438034, 1466.868389, 581.461916, 844.891724, 94.664304
933.988645, 525.986000, 1227.262045, 470.501290, 789.434495, 101.682251
691.228301, 675.326416, 1179.286870, 466.643322, 753.121227, 91.589781
677.693539, 743.079889, 838.426001, 412.648586, 667.962004, 94.284624
575.512384, 710.936187, 854.220520, 587.649489, 682.079645, 110.416276
640.855487, 545.755337, 816.091287, 418.908678, 605.402697, 102.710855
574.038490, 727.906520, 555.386558, 574.645527, 607.994274, 108.163920
529.899906, 777.009155, 912.306264, 562.635358, 695.462671, 106.265647
640.233406, 738.428860, 1113.683420, 447.009456, 734.838785, 101.851243
649.319259, 790.721149, 861.881450, 456.863206, 689.696266, 97.687412
727.850493, 653.871865, 893.948431, 402.123424, 669.448554, 111.678168
913.634087, 702.697821, 1421.811564, 403.928906, 860.518095, 114.793767
764.039357, 520.966563, 901.306347, 550.287819, 684.150021, 93.131878
738.997941, 638.331847, 791.172671, 409.727790, 644.557562, 111.835311
849.632422, 671.491845, 1434.312123, 533.635058, 872.267862, 94.633073
571.112512, 569.885192, 926.541057, 430.878680, 624.604360, 104.870802
730.944949, 764.672613, 972.507021, 421.547662, 722.418061, 96.904762
987.432524, 589.932558, 1494.509577, 590.369976, 915.561159, 95.539669
971.800286, 656.776487, 1195.039663, 458.295060, 820.477874, 113.097366
708.375203, 551.910663, 965.389356, 477.000159, 675.668845, 101.605205
629.206608, 549.396260, 1426.588505, 407.169540, 753.090228, 92.474158
610.585301, 520.644059, 875.564002, 466.383393, 618.294189, 102.383865
963.374527, 751.236170, 534.487363, 475.519326, 681.154347, 97.749023
826.893551, 502.805723, 1105.636981, 521.947223, 739.320870, 90.096550
915.661437, 664.771266, 622.798176, 505.290056, 677.130233, 96.106930
725.172458, 661.864574, 1335.345711, 483.462552, 801.461324, 90.123448
940.760487, 528.127678, 1417.368674, 433.918428, 830.043817, 90.508686
634.279230, 541.561782, 1100.475424, 417.832192, 673.537157, 102.852582
792.257773, 658.167344, 1462.112174, 470.311436, 845.712181, 104.042796
830.759050, 684.769783, 771.254215, 514.212850, 700.248974, 95.538406
787.463119, 530.773126, 601.376517, 554.154762, 618.441881, 95.634382
507.525511, 665.516430, 932.363782, 552.984769, 664.597623, 99.676679
884.930891, 594.165427, 1439.453919, 496.165214, 853.678863, 95.781336
750.586751, 562.403714, 1090.334463, 473.958541, 719.320867, 110.212195
941.947991, 552.455003, 735.453159, 467.142456, 674.249652, 93.424055
948.712062, 769.091377, 968.488375, 550.572292, 809.216027, 94.205637
987.198857, 513.024384, 1245.171522, 454.160512, 799.888819, 93.619778
748.088912, 728.066763, 761.101669, 539.302513, 694.139964, 94.814658
983.862967, 566.016187, 1220.587391, 424.767523, 798.808517, 107.213558
646.031544, 708.495531, 1062.865649, 546.391389, 740.946029, 101.003916
938.374039, 517.713042, 1073.260640, 440.075834, 742.355889, 98.003629
696.482748, 697.052104, 1399.436580, 470.221718, 815.798288, 95.531153
660.762981, 691.148328, 999.955710, 457.365080, 702.308025, 108.616958
971.369573, 646.061979, 1273.502896, 547.218302, 859.538187, 110.237577
981.478933, 722.368649, 586.795482, 405.911411, 674.138619, 101.545405
859.049693, 613.657571, 950.056332, 431.360265, 713.530965, 113.543106
798.478975, 598.041323, 1297.337121, 400.153539, 773.502739, 112.501626
660.456418, 557.090785, 1172.021428, 511.381079, 725.237427, 92.243480
889.075759, 798.064217, 564.976920, 545.380058, 699.374238, 102.337577
735.789299, 502.314820, 707.670107, 596.075272, 635.462374, 109.530474
894.939728, 551.188392, 1319.436509, 504.489558, 817.513547, 96.435586
992.132006, 661.260768, 641.065335, 527.256405, 705.428628, 114.689806
789.003123, 721.406986, 1078.773940, 462.879327, 763.015844, 103.384010
607.230842, 769.906033, 1271.367079, 545.132605, 798.409139, 104.292705
907.701110, 664.855579, 1042.302509, 513.051118, 781.977579, 105.362388
529.379345, 504.164332, 539.135051, 524.442316, 524.280261, 95.538780
701.715272, 748.704352, 1425.878334, 478.435838, 838.683449, 106.211275
824.801322, 773.042703, 785.884669, 437.197382, 705.231519, 91.280192
586.789568, 759.167275, 987.975770, 557.846193, 722.944701, 101.066621
662.295685, 710.731236, 550.254393, 468.470326, 597.937910, 101.845113
957.029917, 759.696984, 979.315425, 404.664625, 775.176738, 100.198978
818.909322, 661.422235, 760.030225, 484.368046, 681.182457, 104.430229
821.695722, 699.038230, 535.570632, 481.244735, 634.387330, 104.733478
527.337345, 705.551982, 740.661600, 499.896289, 618.361804, 114.276449
775.344563, 624.272221, 839.920090, 566.989772, 701.631661, 112.555413
638.806857, 699.353438, 1119.965344, 520.930792, 744.764108, 107.869146
539.229245, 660.207553, 601.781617, 516.084493, 579.325727, 90.333515
994.190795, 721.880078, 910.221820, 510.282944, 784.143909, 114.990762
564.311943, 516.083979, 1034.847560, 532.618251, 661.965433, 92.229597
626.215177, 676.856675, 1251.911800, 554.871434, 777.463772, 110.754596
872.707557, 590.780278, 1080.363973, 448.884917, 748.184181, 106.063025
573.320545, 757.393306, 1251.295048, 461.406495, 760.853848, 101.948576
510.899165, 748.926061, 1102.220798, 402.393642, 691.109917, 113.288379
512.654406, 677.180716, 1076.723530, 534.227083, 700.196434, 90.020605
835.382950, 711.604225, 833.857152, 410.887494, 697.932955, 96.004874
571.810684, 675.886252, 1417.978538, 565.943445, 807.904730, 98.454983
829.950537, 699.018096, 1404.325657, 528.160046, 865.363584, 96.093941
641.660624, 515.290024, 1090.353724, 420.347062, 666.912859, 110.056545
789.839171, 683.645617, 1091.646552, 526.403066, 772.883602, 95.359321
781.775242, 685.086609, 734.685898, 560.995048, 690.635699, 94.841972
902.899724, 771.635539, 1360.236920, 579.805262, 903.644361, 95.982724
569.610642, 501.157486, 1468.938508, 565.119291, 776.206482, 113.045921
581.897880, 688.651874, 1304.595993, 517.046095, 773.047961, 103.329131
914.494050, 526.375172, 1430.723412, 516.826397, 847.104758, 106.956774
693.196888, 653.120526, 518.409107, 458.084604, 580.702782, 92.551208
752.397936, 674.587878, 809.771113, 543.800734, 695.139415, 110.416137
956.341282, 534.671168, 1311.708871, 544.419458, 836.785195, 114.395187
980.703119, 785.279046, 1287.002692, 595.933153, 912.229503, 112.996717
950.751296, 785.239536, 986.733068, 509.741648, 808.116387, 108.884861
540.936739, 594.716350, 1166.005462, 568.662337, 717.580222, 96.161115
760.791325, 515.719772, 1312.005670, 551.369267, 784.971508, 91.770209
929.447321, 595.040462, 1077.898311, 530.553588, 783.234920, 105.664316
734.706714, 647.174262, 691.510716, 548.428643, 655.455084, 97.557244
858.975348, 545.875086, 1197.616462, 450.643980, 763.277719, 113.497991
586.544280, 679.735716, 1221.796802, 578.143620, 766.555104, 92.146303
823.056272, 741.101084, 989.424230, 480.314658, 758.474061, 101.741894
824.008935, 503.302064, 904.864205, 504.414996, 684.147550, 110.575314
796.441663, 579.127654, 745.651265, 427.962818, 637.295850, 111.041429
883.193372, 714.519408, 1008.529959, 466.447606, 768.172586, 112.664385
817.263887, 567.944196, 1387.747673, 411.898472, 796.213557, 113.102428
999.706004, 518.250870, 1390.130106, 504.643234, 853.182553, 109.565826
804.534145, 660.872795, 510.641579, 517.260663, 623.327296, 90.641672
527.989528, 697.597835, 1078.054037, 407.334752, 677.744038, 91.588091
929.843154, 551.281209, 1499.500399, 465.456500, 861.520316, 100.414716
584.469828, 729.766143, 1001.177687, 426.330664, 685.436081, 96.860428
519.114365, 540.711638, 597.721092, 500.179551, 539.431662, 90.586328
712.497436, 529.139930, 1448.211041, 416.857873, 776.676570, 114.681580
933.461201, 667.183799, 953.225716, 504.701171, 764.642972, 104.198023
774.586367, 652.761432, 1085.846494, 445.316072, 739.627591, 92.181470
645.052007, 633.659841, 1117.386513, 451.639234, 711.934399, 101.125830
837.392400, 735.897851, 1306.438122, 442.184069, 830.478110, 97.187596
742.668723, 753.400055, 1486.235202, 484.641864, 866.736461, 113.559699
723.331226, 623.369022, 1030.951821, 407.904208, 696.389069, 98.986028
513.392123, 619.362267, 1050.290102, 583.344089, 691.597145, 111.277498
742.320678, 529.838851, 1211.221714, 472.060942, 738.860546, 107.132733
723.781759, 500.397718, 1205.759691, 426.168426, 714.026899, 105.467806
787.937666, 614.163348, 1286.795675, 481.007682, 792.476092, 94.674565
846.271133, 581.639936, 615.751585, 406.329893, 612.498137, 96.459208
987.018704, 668.724211, 513.558449, 533.919679, 675.805261, 92.334146
514.519755, 512.102809, 1445.759956, 498.248016, 742.657634, 104.765820
671.170009, 629.120393, 1202.644728, 538.019127, 760.238564, 93.540576
687.702482, 545.062474, 1006.247096, 428.589750, 666.900451, 111.399198
880.830496, 524.636728, 666.699402, 447.302486, 629.867278, 111.722953
711.747522, 757.772501, 955.144508, 428.210244, 713.218694, 114.374831
699.709772, 628.754575, 569.017939, 507.481458, 601.240936, 101.068509
815.386575, 529.417235, 622.013229, 496.616612, 615.858413, 91.095435
536.857930, 639.305974, 1263.811495, 494.843743, 733.704786, 94.174949
807.920871, 541.764938, 1258.790494, 463.441245, 767.979387, 106.136589
586.587081, 656.135446, 909.686592, 545.517196, 674.481579, 107.178772
798.252042, 749.954491, 1237.555306, 509.278511, 823.760088, 97.208154
760.692905, 541.092455, 558.793101, 543.501612, 601.020018, 95.149820
580.124212, 706.869875, 1143.331487, 460.810048, 722.783906, 110.289487
673.933822, 715.114204, 1322.086361, 455.186545, 791.580233, 102.021471
721.465351, 631.378431, 1260.136925, 524.015060, 784.248942, 94.917965
632.769428, 779.993326, 1493.124838, 543.434016, 862.330402, 98.574942
702.160484, 676.888676, 1450.713526, 435.235863, 816.249638, 98.179606
732.252729, 641.629801, 682.013518, 492.831815, 637.181966, 103.272311
835.075933, 602.678583, 1474.202104, 444.091738, 839.012089, 114.639836
516.019084, 596.620925, 807.970895, 540.528155, 615.284765, 93.603903
591.749808, 725.270479, 1303.574917, 516.416842, 784.253012, 102.775963
889.401403, 520.734132, 995.972886, 488.869922, 723.744586, 91.555965
893.673644, 770.088157, 1463.526601, 530.373506, 914.415477, 111.275185
989.525879, 628.409618, 943.210834, 464.621343, 756.441919, 105.251139
926.999578, 534.008810, 574.457845, 590.461504, 656.481934, 92.189120
968.950474, 531.948804, 1140.541724, 481.926910, 780.841978, 100.361673
776.895330, 747.212402, 635.874870, 433.073701, 648.264076, 105.690406
838.203514, 774.403303, 620.756636, 539.346006, 693.177365, 100.266264
879.484320, 772.431177, 910.836171, 462.188883, 756.235138, 111.790763
580.975899, 616.966378, 985.058515, 459.932517, 660.733327, 110.827469
954.854080, 601.717301, 1362.015680, 589.292292, 876.969838, 100.337888
517.013132, 739.974988, 943.660817, 504.002306, 676.162811, 101.011459
838.372528, 779.465240, 1476.407640, 429.707744, 880.988288, 100.415233
990.818741, 765.834740, 1428.098944, 551.133397, 933.971455, 108.703287
584.591250, 788.637562, 1189.194030, 509.609621, 768.008116, 100.144651
994.253229, 687.101740, 753.006151, 480.647500, 728.752155, 108.087985
768.281925, 543.536630, 1084.567872, 499.954676, 724.085276, 108.349202
698.391994, 512.966737, 701.898520, 416.356540, 582.403448, 110.320536
920.216747, 763.593073, 1488.972213, 548.874451, 930.414121, 111.376280
580.490785, 791.182908, 1416.648556, 548.233403, 834.138913, 112.467716
744.649246, 525.749317, 537.346599, 572.166769, 594.977983, 109.375627
633.309935, 507.755917, 1169.857372, 479.739510, 697.665684, 96.971480
561.108480, 561.926366, 1121.990342, 484.796262, 682.455362, 109.774727
578.974696, 505.632299, 739.732094, 566.842310, 597.795350, 95.516821
823.516504, 524.049676, 891.405264, 419.863285, 664.708682, 91.728445
977.183819, 665.716050, 1195.534652, 407.949499, 811.596005, 101.725885
969.228066, 555.449943, 1299.289978, 510.973289, 833.735319, 95.554494
664.945765, 519.772955, 1228.589081, 449.606560, 715.728590, 108.394181
763.446005, 755.241812, 1450.873321, 588.437688, 889.499707, 101.819910
866.588767, 532.646814, 1067.389084, 498.314142, 741.234702, 98.713870
856.121781, 564.326627, 1311.559985, 485.744079, 804.438118, 105.145684
748.929098, 729.778287, 1037.605691, 431.642838, 736.988978, 101.536557
813.624790, 642.818547, 682.116025, 529.259084, 666.954612, 96.883795
934.237582, 653.602266, 616.507966, 468.252330, 668.150036, 96.014916
538.514436, 693.019993, 519.217312, 418.280535, 542.258069, 104.856832
782.099530, 725.718454, 555.769771, 540.619202, 651.051739, 97.994598
525.825409, 730.404000, 980.371213, 506.841204, 685.860457, 104.489333
570.016689, 793.468823, 798.247568, 469.100188, 657.708317, 102.895878
903.481608, 777.649145, 953.258636, 598.379385, 808.192193, 92.690329
633.624363, 596.520140, 1108.510377, 523.924146, 715.644756, 100.956044
930.108682, 705.661774, 1451.620040, 416.328349, 875.929711, 107.618914
837.957521, 654.745730, 879.011053, 491.430281, 715.786146, 104.289722
888.467669, 629.198561, 811.141360, 467.920440, 699.182008, 112.775827
959.587760, 635.352421, 764.676460, 577.852499, 734.367285, 108.735558
702.548797, 521.491903, 896.994517, 534.983891, 664.004777, 103.122458
891.266314, 699.272973, 902.153355, 569.326422, 765.504766, 96.818840
642.436939, 578.711215, 866.515622, 591.658574, 669.830588, 95.349769
831.524714, 512.729199, 620.200834, 545.961971, 627.604180, 100.536043
650.699363, 769.140852, 1141.000929, 570.420718, 782.815465, 95.206938
881.568336, 668.052934, 1152.399165, 531.890454, 808.477722, 110.621323
704.437287, 517.249027, 583.794029, 579.298517, 596.194715, 101.362282
710.695448, 759.897997, 768.023008, 423.746904, 665.590839, 96.712000
695.744069, 665.869066, 849.781006, 506.170146, 679.391072, 112.985313
872.420743, 503.849130, 974.651342, 592.368635, 735.822462, 93.325782
691.642445, 732.815021, 735.388477, 406.033488, 641.469857, 100.426275
619.222485, 799.557545, 1397.897240, 595.445489, 853.030690, 106.273108
901.040177, 592.031544, 1198.572938, 541.684214, 808.332218, 99.764146
581.456173, 535.989150, 781.646866, 451.378500, 587.617672, 99.699671
762.686255, 701.940501, 556.223239, 588.176746, 652.256685, 90.572900
930.148119, 740.319418, 1322.139410, 407.149289, 849.939059, 96.892902
584.388855, 561.627290, 698.945150, 410.353227, 563.828631, 101.020319
734.408566, 631.217036, 946.044577, 487.867585, 699.884441, 98.382184
545.131119, 574.437479, 1298.683309, 528.411835, 736.665936, 113.667447
516.312508, 788.478697, 789.517516, 413.332340, 626.910265, 96.081063
727.324271, 744.467008, 895.532271, 583.275505, 737.649764, 111.777832
969.646768, 576.748552, 1475.039979, 534.435598, 888.967724, 91.949198
973.947029, 543.145307, 1499.660193, 456.678443, 868.357743, 98.569071
862.102496, 640.543198, 663.542916, 556.030592, 680.554800, 112.863048
557.720159, 576.141546, 1257.499493, 432.529366, 705.972641, 91.312212
554.672350, 737.037353, 676.006401, 402.816824, 592.633232, 91.991051
628.663320, 689.196483, 673.704166, 578.906411, 642.617595, 90.654680
882.822659, 533.899310, 937.823309, 456.403144, 702.737106, 92.200942
679.991819, 615.715210, 1143.375854, 446.371074, 721.363489, 99.634439
787.309103, 610.274254, 854.771166, 570.770977, 705.781375, 103.278094
884.188394, 641.063446, 1431.023620, 556.985783, 878.315310, 95.692774
918.708689, 512.110496, 1351.501498, 403.567098, 796.471945, 95.409368
548.738757, 532.648441, 1492.009567, 569.405933, 785.700675, 97.063308
936.608439, 727.296466, 655.232600, 479.106001, 699.560876, 94.886955
741.783842, 654.564871, 1215.423052, 516.239112, 782.002719, 93.964802
983.286561, 587.012378, 1320.428006, 505.234588, 848.990383, 106.120311
528.648350, 676.641438, 1342.225615, 423.004782, 742.630046, 102.995710
671.367444, 703.892898, 860.570375, 512.039346, 686.967516, 103.278612
888.285726, 637.414367, 1123.601117, 527.994526, 794.323934, 101.251436
961.252467, 649.045399, 818.034939, 441.542468, 717.468818, 106.301265
701.595268, 740.480787, 1484.386097, 433.453367, 839.978880, 102.925642
662.929462, 785.287765, 1352.031862, 561.413387, 840.415619, 109.284681
725.939679, 772.798569, 1066.903268, 472.038403, 759.419980, 108.788854
940.010215, 772.891447, 940.217161, 486.239434, 784.839564, 96.755213
981.170831, 565.036584, 1102.314291, 545.651284, 798.543247, 111.009743
589.156938, 657.445767, 886.026216, 467.441545, 650.017617, 111.071354
994.629160, 736.765026, 656.525152, 528.891357, 729.202674, 109.340071
580.741231, 644.715223, 1468.549396, 544.912413, 809.729566, 98.360398
747.974645, 626.128626, 1356.141308, 448.748900, 794.748370, 114.683301
997.649339, 720.848521, 926.495847, 579.394035, 806.096935, 94.409472
583.589353, 616.651252, 1395.435125, 478.633502, 768.577308, 114.778795
616.778620, 522.124700, 1070.764965, 503.194205, 678.215622, 101.494380
679.412593, 668.006985, 503.281973, 449.798394, 575.124986, 107.913711
511.297409, 549.429330, 1247.156885, 439.786503, 686.917532, 93.332846
766.674226, 572.931853, 1277.092953, 510.748517, 781.861887, 92.481187
770.537302, 731.717489, 938.044781, 567.081844, 751.845354, 94.972187
505.894058, 681.567046, 904.955627, 517.544997, 652.490432, 102.516465
789.438391, 691.553860, 594.847806, 514.881522, 647.680395, 95.231946
517.091414, 636.101898, 783.174796, 553.860223, 622.557083, 101.423874
742.924776, 591.730884, 1184.782066, 524.343880, 760.945402, 91.323162
877.516615, 565.439155, 808.775813, 459.206535, 677.734530, 114.880587
697.640079, 754.955125, 730.689378, 553.523020, 684.201901, 97.197380
983.251289, 572.743248, 1054.227561, 578.623737, 797.211459, 106.185828
696.888648, 539.931303, 1468.184908, 457.189198, 790.548514, 95.698804
747.611910, 500.710320, 764.524936, 536.325029, 637.293049, 97.138563
569.290054, 725.112347, 1260.299507, 518.262429, 768.241084, 100.878914
822.119322, 654.599821, 1440.271319, 530.657415, 861.911969, 110.602714
824.255272, 600.665443, 916.125645, 534.791793, 718.959538, 104.156021
980.927083, 614.788467, 1354.972850, 561.743670, 878.108017, 113.421395
728.075735, 574.625044, 1242.097459, 413.992026, 739.697566, 95.423376
648.956139, 571.196384, 1479.537420, 443.860558, 785.887625, 102.546155
752.422660, 535.435258, 596.157466, 450.444141, 583.614881, 111.960426
843.688630, 722.118833, 840.664332, 478.749954, 721.305437, 107.016686
608.929159, 796.752463, 1391.817286, 403.243781, 800.185672, 100.132513
791.229879, 756.101435, 891.178106, 557.585749, 749.023792, 107.716108
862.392263, 754.198873, 1294.744654, 591.478890, 875.703670, 104.735676
587.164751, 527.797079, 893.632291, 565.349663, 643.485946, 91.804859
664.297265, 769.543284, 1080.815234, 438.062376, 738.179539, 114.865877
534.364456, 580.457748, 962.478682, 547.006237, 656.076781, 105.221421
707.849308, 704.101100, 931.917520, 519.606340, 715.868567, 104.303857
501.666112, 504.313183, 1291.260966, 485.165148, 695.601352, 100.138885
776.469485, 720.404666, 787.970157, 569.332513, 713.544205, 94.929023
727.759695, 711.100632, 553.551091, 575.499581, 641.977750, 93.389657
724.826095, 517.064994, 1375.477930, 429.992714, 761.840433, 111.203607
777.759478, 502.984391, 1308.403916, 472.837955, 765.496435, 92.545311
837.489960, 695.214773, 578.426998, 473.601290, 646.183255, 97.994405
513.916364, 666.220528, 1086.136622, 463.486211, 682.439931, 95.500543
947.950564, 541.722678, 1242.563692, 590.940791, 830.794431, 100.676144
575.932430, 559.424924, 529.362764, 426.142905, 522.715756, 96.290854
633.150408, 643.704486, 916.264387, 461.703497, 663.705695, 98.862322
578.330884, 791.535003, 1020.851542, 472.888171, 715.901400, 109.504681
733.126656, 558.749438, 1334.259759, 486.180634, 778.079122, 96.856461
875.339694, 758.627746, 568.110445, 565.665378, 691.935816, 101.205728
524.174312, 789.203472, 503.052580, 517.460940, 583.472826, 107.664382
507.175225, 546.475232, 645.064973, 580.931669, 569.911775, 94.607005
578.146259, 623.409737, 964.810005, 532.659032, 674.756258, 110.690754
508.894021, 686.441532, 882.228896, 559.882704, 659.361788, 93.558083
789.800388, 754.544662, 510.503945, 467.630955, 630.619988, 107.068549
806.206618, 728.355000, 940.740123, 508.966891, 746.067158, 110.732344
996.531781, 646.726624, 1080.368263, 558.661070, 820.571935, 102.303533
749.940307, 678.415614, 904.538959, 529.411753, 715.576659, 108.494592
915.669485, 668.249443, 994.634129, 430.229895, 752.195738, 90.641037
989.389826, 653.726652, 1278.193170, 529.422651, 862.683074, 112.366277
894.718284, 607.338184, 627.591343, 548.626655, 669.568617, 99.207447
712.937621, 722.001374, 1470.709695, 425.896245, 832.886233, 94.518618
979.387502, 789.131977, 1252.080354, 533.966690, 888.641631, 103.603538
580.987387, 575.588291, 1309.033541, 427.772046, 723.345316, 106.412498
939.321959, 692.111754, 529.793393, 443.466281, 651.173347, 93.375166
621.486443, 502.571913, 1390.086140, 529.485763, 760.907565, 109.669155
771.039941, 703.856813, 785.213157, 428.912032, 672.255486, 110.177851
756.429026, 713.326520, 1142.339277, 509.423726, 780.379637, 107.044952
863.931666, 680.334284, 897.696779, 529.114270, 742.769250, 98.829866
594.856433, 667.901466, 828.573099, 521.031121, 653.090530, 99.217627
630.827766, 562.165105, 978.986937, 401.815521, 643.448832, 95.925260
572.042123, 716.587947, 1291.513060, 449.116691, 757.314955, 105.301149
516.174833, 600.077883, 676.909826, 458.313734, 562.869069, 105.470152
549.341361, 706.930363, 1145.801353, 465.978899, 717.012994, 98.302679
505.846295, 612.099405, 1157.263938, 586.644287, 715.463481, 109.284037
643.208035, 754.093041, 1391.571674, 466.206603, 813.769839, 94.388748
849.869055, 545.968162, 1208.815716, 476.553384, 770.301579, 105.805354
809.888665, 755.869989, 1365.360782, 470.834793, 850.488557, 106.110326
983.109965, 769.313135, 757.788600, 595.601193, 776.453223, 91.865507
798.406032, 606.941397, 1426.706560, 552.877631, 846.232905, 90.056817
548.247654, 781.519745, 529.716743, 475.187472, 583.667903, 104.891577
573.649411, 594.839844, 978.331839, 488.527978, 658.837268, 95.192612
809.094897, 553.420985, 500.956713, 472.186339, 583.914733, 112.172142
996.572918, 686.220213, 847.319801, 547.957126, 769.517514, 102.152371
692.099325, 594.061919, 862.204615, 476.761054, 656.281728, 104.283208
729.212774, 787.705003, 722.813700, 585.559930, 706.322852, 112.143081
965.036164, 595.792702, 806.009687, 564.824477, 732.915758, 98.725644
709.892736, 635.992553, 1362.425364, 533.031713, 810.335591, 113.291009
936.431526, 644.184547, 733.794745, 421.942060, 684.088219, 102.039297
998.297981, 568.082174, 1236.381590, 420.461182, 805.805732, 104.356510
794.200368, 536.174072, 1472.206008, 577.560022, 845.035118, 102.069621
729.564220, 629.189466, 886.928093, 488.360307, 683.510522, 106.336131
663.762385, 595.100126, 651.647157, 594.550852, 626.265130, 105.575253
660.890006, 671.429789, 1486.938577, 415.263723, 808.630524, 100.846450
503.979483, 757.940489, 617.669263, 582.894630, 615.620966, 92.339909
698.022510, 534.279568, 998.350931, 464.107391, 673.690100, 111.266170
947.398669, 526.025500, 1282.597448, 594.245411, 837.566757, 91.473942
727.005956, 572.517767, 1395.813446, 497.917846, 798.313753, 105.716350
571.517241, 567.001465, 615.788745, 589.130880, 585.859583, 99.374634
784.332255, 631.270627, 1144.983127, 589.283600, 787.467402, 100.612683
690.137997, 695.882628, 794.749144, 456.861793, 659.407890, 109.265284
688.952669, 707.238249, 1198.442293, 576.975317, 792.902132, 94.728627
867.761699, 677.971889, 1206.750456, 455.179352, 801.915849, 99.395927
667.427216, 548.228710, 1324.443661, 523.512593, 765.903045, 91.414395
623.108474, 790.243443, 691.871349, 455.982806, 640.301518, 92.081672
827.449701, 728.160758, 1101.317404, 504.167129, 790.273748, 100.137975
972.671491, 794.478020, 729.651945, 411.692215, 727.123418, 96.908564
914.536217, 682.267185, 1213.949016, 593.427341, 851.044940, 97.649989
578.140899, 634.841724, 932.178556, 579.847841, 681.252255, 93.905572
637.538142, 730.109897, 1392.639250, 463.397047, 805.921084, 104.786916
686.780525, 541.656859, 1153.475079, 511.790958, 723.425855, 98.268189
821.110841, 592.512344, 663.057328, 418.252681, 623.733298, 112.742297
748.391194, 532.520093, 1055.243466, 578.257056, 728.602952, 98.451306
583.813912, 615.294770, 634.764527, 589.121908, 605.748779, 92.456623
625.804557, 587.313897, 650.848319, 509.547466, 593.378560, 108.080622
851.980100, 627.777381, 520.945436, 498.051574, 624.688623, 97.964096
540.867259, 618.351946, 1140.689311, 491.484010, 697.848131, 91.199539
894.073797, 584.873297, 1379.410998, 471.271209, 832.407325, 101.149208
633.023964, 612.858016, 657.333210, 510.873726, 603.522229, 113.285921
946.210442, 597.488310, 1338.030421, 463.150550, 836.219931, 101.493139
707.008833, 526.891860, 1461.754996, 550.154377, 811.452517, 96.012196
736.998383, 699.714559, 1464.254636, 533.282491, 858.562517, 107.166516
992.488153, 513.796746, 942.396354, 416.233424, 716.228669, 107.166962
564.574342, 569.163184, 985.504729, 593.917891, 678.290036, 92.748874
707.778888, 725.465797, 1469.926405, 497.229666, 850.100189, 112.722147
708.792592, 758.704186, 1233.337935, 446.769380, 786.901023, 107.509443
846.786230, 544.206681, 944.344347, 558.003448, 723.335177, 92.727765
515.252547, 775.502334, 1196.917550, 554.965159, 760.659397, 112.064894
730.743213, 704.568157, 1042.653543, 585.716981, 765.920473, 93.107255
807.631684, 701.540668, 1084.852825, 470.966831, 766.248002, 93.932674
732.394551, 500.123180, 1450.937435, 581.771922, 816.306772, 114.258425
908.872739, 610.556785, 551.592378, 566.536859, 659.389690, 92.546514
766.531001, 723.549452, 823.079244, 449.843231, 690.750732, 94.737730
679.163377, 606.075302, 633.152546, 421.570060, 584.990321, 91.262547
995.223024, 678.391691, 1419.030952, 546.479149, 909.781204, 93.432313
928.342976, 660.288296, 711.520109, 561.818948, 715.492582, 92.978679
983.200847, 702.892763, 1375.261305, 423.911549, 871.316616, 105.681166
544.947376, 707.902035, 1422.579046, 599.153853, 818.645578, 108.614979
548.814908, 636.692314, 846.845972, 497.952800, 632.576499, 109.468007
839.636593, 711.551818, 1287.123485, 426.460926, 816.193206, 110.958132
591.403260, 733.270860, 1415.202263, 486.592849, 806.617308, 107.415012
785.128378, 731.566465, 879.351496, 446.178961, 710.556325, 114.585208
675.020974, 603.725957, 969.599695, 531.943507, 695.072533, 95.525362
643.482091, 667.848334, 782.733445, 582.804255, 669.217031, 102.051837
829.310219, 614.108978, 648.384439, 587.542908, 669.836636, 108.180231
858.217417, 748.297288, 1348.739466, 486.476392, 860.432641, 105.369528
635.353615, 509.463796, 1203.671472, 478.470129, 706.739753, 113.668706
544.475564, 582.178469, 819.845931, 543.727293, 622.556814, 106.331993
851.022394, 700.966364, 861.762323, 599.806583, 753.389416, 93.487189
610.023704, 694.617951, 634.068686, 539.796405, 619.626686, 113.286499
590.527758, 737.806737, 618.770058, 462.364642, 602.367299, 113.526839
718.746622, 538.332738, 792.041124, 470.703227, 629.955928, 102.495244
899.099149, 585.822974, 1391.606967, 418.378229, 823.726830, 114.477351
909.020604, 774.942675, 836.880397, 570.633410, 772.869272, 96.329185
923.005050, 739.037944, 1174.058044, 525.778337, 840.469844, 90.635927
738.015177, 555.815104, 565.290657, 527.518665, 596.659901, 100.338325
512.806250, 530.103219, 778.445746, 460.650845, 570.501515, 111.377970
786.925259, 714.781697, 1427.366652, 596.578919, 881.413132, 90.199503
741.352181, 717.669485, 1074.595505, 458.811339, 748.107127, 105.429298
636.575374, 617.791014, 626.317798, 506.729500, 596.853421, 108.237928
893.407456, 791.698369, 915.706593, 505.262051, 776.518617, 106.159649
775.873672, 767.521084, 689.340667, 566.487258, 699.805670, 113.925690
622.984639, 564.485951, 1049.223507, 411.474334, 662.042108, 102.334973
956.245236, 536.922207, 1395.385068, 441.867581, 832.605023, 91.261017
608.659010, 613.426829, 1011.374715, 555.201125, 697.165420, 113.817123
696.588770, 735.357639, 1426.825040, 469.064329, 831.958944, 112.771082
537.419378, 714.091985, 1101.149014, 576.634232, 732.323652, 93.233664
764.778551, 545.868907, 861.993389, 404.216698, 644.214386, 98.555926
989.055548, 682.388800, 535.482764, 511.438039, 679.591288, 93.929654
525.294554, 784.391971, 759.927014, 456.052040, 631.416395, 111.083958
665.350437, 643.173511, 606.706499, 444.289546, 589.879998, 114.715494
587.066333, 649.965212, 1019.454312, 554.629043, 702.778725, 100.667727
841.994237, 678.287921, 1067.159632, 428.069806, 753.877899, 94.886052
634.847786, 529.015020, 790.779062, 469.667688, 606.077389, 101.467753
845.287732, 580.667047, 747.765658, 413.334558, 646.763749, 97.609323
611.929482, 589.506430, 1004.119164, 450.469231, 664.006077, 103.957045
547.852230, 750.446012, 817.152192, 407.105363, 630.638949, 113.538163
512.073282, 647.385457, 1297.291777, 488.282115, 736.258158, 90.268479
934.059828, 644.384075, 508.468683, 521.006447, 651.979758, 91.210997
900.237160, 583.449276, 648.812758, 429.031323, 640.382629, 104.223583
801.933369, 751.816467, 1170.539528, 567.566695, 822.964015, 92.178847
571.103197, 768.319548, 894.552552, 477.101729, 677.769257, 99.962941
971.895214, 647.077104, 1479.317243, 446.667539, 886.239275, 110.185230
587.432116, 501.039142, 1116.274809, 459.738812, 666.121220, 110.018890
654.716614, 645.318339, 1414.465466, 456.407167, 792.726897, 102.321579
665.237859, 714.481935, 975.632334, 554.205480, 727.389402, 111.593814
669.985358, 523.849722, 677.804190, 540.628153, 603.066856, 108.750965
895.147323, 596.003175, 675.803293, 528.887419, 673.960303, 107.864078
521.477375, 535.878116, 776.292444, 440.964030, 568.652991, 92.472774
506.114675, 635.347003, 810.923411, 420.474954, 593.215011, 91.685787
951.565178, 686.106992, 685.166190, 510.365190, 708.300887, 103.370553
522.344547, 654.692573, 1315.716496, 449.952378, 735.676498, 114.781856
556.757216, 546.706164, 1316.655198, 414.154663, 708.568310, 98.337285
910.405958, 682.084953, 965.249010, 530.700397, 772.110080, 109.568828
684.032561, 652.461128, 1072.885270, 580.469372, 747.462083, 109.612405
500.628910, 675.534386, 603.632591, 447.130576, 556.731616, 112.400951
651.542182, 502.028884, 1354.910313, 503.278935, 752.940078, 94.798228
525.608389, 769.879822, 800.978668, 541.514209, 659.495272, 107.882898
849.422644, 624.347930, 1269.618603, 574.200623, 829.397450, 95.778707
602.247259, 677.129156, 1357.996504, 567.619629, 801.248137, 91.391988
810.425640, 567.818488, 1023.198138, 512.776658, 728.554731, 109.973672
674.189747, 657.336788, 1084.032374, 476.812303, 723.092803, 105.702214
640.049775, 766.135022, 1296.494222, 526.970299, 807.412329, 108.550676
913.390316, 754.313300, 1034.351676, 528.325292, 807.595146, 93.717242
678.471181, 569.959089, 727.945477, 512.636554, 622.253075, 90.070389
897.165534, 629.731998, 1132.429209, 518.649217, 794.493990, 97.260912
824.462806, 575.984147, 712.808902, 503.299625, 654.138870, 109.411966
657.722510, 668.356519, 1199.506537, 460.186917, 746.443121, 93.630519
964.511568, 793.881826, 1063.874631, 406.467501, 807.183881, 109.402508
887.182279, 617.196578, 915.991017, 524.762262, 736.283034, 113.125173
886.250488, 731.880014, 835.683744, 431.640780, 721.363756, 90.021971
580.509732, 539.004443, 1254.265549, 486.663770, 715.110874, 109.061101
861.877675, 620.957348, 740.253473, 403.144902, 656.558349, 105.400002
896.101568, 666.709548, 593.137722, 435.437692, 647.846632, 96.380126
661.204614, 506.648257, 854.746734, 446.962223, 617.390457, 104.650887
505.455712, 538.733388, 1134.722732, 595.338150, 693.562495, 103.627558
950.848843, 622.167112, 559.901585, 463.607138, 649.131170, 108.572686
659.457272, 566.276315, 1252.233396, 574.584453, 763.137859, 114.379665
817.683141, 642.796623, 1151.090792, 475.675552, 771.811527, 107.906055
997.188912, 632.988179, 671.566282, 454.388142, 689.032879, 103.410791
763.572870, 648.192653, 1261.956856, 511.718502, 796.360220, 111.218056
572.313997, 731.860484, 621.318744, 595.566707, 630.264983, 100.189775
761.467923, 506.904929, 1340.971535, 562.962944, 793.076833, 92.072950
778.861085, 547.965824, 930.644432, 460.767813, 679.559789, 112.802987
639.512832, 519.803215, 1157.403424, 477.621644, 698.585279, 107.927538
552.175219, 695.534374, 876.291149, 432.079087, 639.019957, 110.583688
848.413543, 771.031067, 755.419594, 463.464608, 709.582203, 106.634844
583.022642, 620.014277, 643.878820, 487.652405, 583.642036, 103.034158
922.926518, 700.044400, 1160.667754, 508.876552, 823.128806, 102.694655
813.650388, 565.516977, 1431.139841, 533.534456, 835.960416, 106.225859
789.895878, 563.049651, 1467.899977, 543.009014, 840.963630, 111.689223
716.073289, 521.675124, 1092.542014, 503.870035, 708.540116, 101.213539
671.348853, 586.810730, 1160.020745, 470.395690, 722.144005, 103.619717
508.686098, 747.819809, 955.634221, 588.967257, 700.276846, 114.248621
733.101308, 590.446177, 510.585377, 527.351903, 590.371191, 114.053875
572.272857, 691.365846, 1312.217996, 436.108987, 752.991422, 104.225650
914.789645, 617.602926, 1044.624361, 555.838300, 783.213808, 98.997743
823.380214, 793.031282, 666.110602, 486.432029, 692.238532, 104.232824
940.350854, 652.642492, 732.680159, 571.736411, 724.352479, 94.220726
701.735374, 575.015707, 848.307030, 598.979016, 681.009282, 107.642164
982.419965, 744.352894, 1101.599444, 401.434767, 807.451767, 110.627376
984.664422, 723.843548, 649.873777, 492.596235, 712.744496, 103.959079
516.003585, 793.835920, 1311.198670, 590.074581, 802.778189, 103.101936
655.141318, 637.387729, 1242.442779, 500.169673, 758.785375, 105.601742
535.080660, 686.943346, 1428.843372, 426.575601, 769.360745, 111.395616
650.853530, 599.694236, 796.602141, 421.175400, 617.081327, 107.015529
905.781790, 578.432621, 1318.737413, 499.026159, 825.494496, 111.576038
660.112909, 736.419877, 1283.206995, 521.837334, 800.394279, 113.448501
583.774913, 744.564250, 617.922733, 583.478620, 632.435129, 105.660321
720.735264, 628.461610, 1442.318895, 416.874387, 802.097539, 94.266204
854.220816, 503.744064, 1341.319640, 558.758527, 814.510762, 113.533090
824.808640, 542.908010, 1255.494281, 454.727541, 769.484618, 100.990721
977.129428, 670.117358, 949.389651, 540.214182, 784.212655, 99.644882
782.056212, 730.884641, 673.299096, 434.772306, 655.253064, 103.820562
555.900781, 602.254677, 529.194661, 473.607326, 540.239361, 101.469291
997.224734, 641.199557, 578.821400, 577.395405, 698.660274, 100.324602
528.812585, 736.178910, 1351.417804, 485.092860, 775.375540, 105.714567
683.393942, 650.310525, 1140.425590, 554.321874, 757.112983, 96.413234